<?xml version='1.0' encoding='UTF-8'?><iceevdreq version="1.0" agent="ssl"><date>2020/01/28</date><time>14:52:15</time><request><user>testunit</user><type>1</type><refno>1588078335935</refno></request><evddetails><serialno>01419845213</serialno><password>FB94DE443F</password><deviceno>00000001</deviceno><format maxlen="32">2</format><userid>vendor01</userid><pincode>0000</pincode><voucherdetails><vtype>LOTTO</vtype><vcode>LOTTO01</vcode><msisdn>841234567</msisdn><ticketqty>2</ticketqty></voucherdetails></evddetails></iceevdreq>