<iceevdresp version="1.0" agent=""><date>2020/01/28</date><time>14:46:46</time><result><code>0000</code><desc>OK</desc><refno>1588078000697</refno></result><evddetails><trandetails><date>2020/01/28</date><time>14:46:44</time><amt>40.00</amt><vat></vat><no>39811</no><status>OK</status><cost>40.0</cost></trandetails><voucherdetails><ticketno>1.425.1588078005.1^1.425.1588078006.1</ticketno><instructions>843333 OU 82/84/87 33993331 www.lotto.co.mz</instructions></voucherdetails><balance>-1370785.27</balance></evddetails></iceevdresp>