<iceevdresp version="1.0" agent=""><date>2020/04/29</date><time>07:43:19</time><result><code>0000</code><desc>OK</desc></result><voucherdetails><voucher><product><prodtype>PTACSE36</prodtype><prodamt>650.00</prodamt><proddesc>Facil E36</proddesc></product><product><prodtype>PTFAME36</prodtype><prodamt>1000.00</prodamt><proddesc>DStv Familia Bouquet E36</proddesc></product><product><prodtype>COMPTE36</prodtype><prodamt>1600.00</prodamt><proddesc>Grande Bouquet E36</proddesc></product><product><prodtype>PTPLSE36</prodtype><prodamt>2400.00</prodamt><proddesc>Grande Plus Bouq E36</proddesc></product><product><prodtype>BUEPE36</prodtype><prodamt>3600.00</prodamt><proddesc>Bue Bouquet E36</proddesc></product><product><prodtype>PRMS20</prodtype><prodamt>4700.00</prodamt><proddesc>Premium Bouquet IS20</proddesc></product><product><prodtype>PREE36</prodtype><prodamt>4700.00</prodamt><proddesc>Premium East/Afr E36</proddesc></product><product><prodtype>PREPRTSE36</prodtype><prodamt>5500.00</prodamt><proddesc>Prem East/Afr Bue Bouq E36</proddesc></product><product><prodtype>PREPISE36</prodtype><prodamt>6040.00</prodamt><proddesc>Prem East/Afr Bue Indian E36</proddesc></product><rsp>.00</rsp><vdesc>DSTV</vdesc><vtype>DSTV</vtype><vcode>DSTV01</vcode></voucher><voucher><rsp>.00</rsp><vdesc>EDM</vdesc><vtype>ELECT</vtype><vcode>E001</vcode></voucher><voucher><rsp>.00</rsp><vdesc>ENH Gas</vdesc><vtype>GAS</vtype><vcode>G001</vcode></voucher><voucher><product><prodtype>GOHAN</prodtype><prodamt>180</prodamt><proddesc>GOtvLite Monthly</proddesc></product><product><prodtype>GOTV</prodtype><prodamt>400.00</prodamt><proddesc>GOtv Value</proddesc></product><product><prodtype>GOtvPLS</prodtype><prodamt>525.00</prodamt><proddesc>GOtv Plus</proddesc></product><product><prodtype>GOTVMAX</prodtype><prodamt>800.00</prodamt><proddesc>GOtv Max</proddesc></product><rsp>.00</rsp><vdesc>GOTV</vdesc><vtype>GOTV</vtype><vcode>GOTV01</vcode></voucher><voucher><product><prodtype>CA</prodtype><prodamt>105</prodamt><proddesc>Veiculos - 7 Dias</proddesc></product><product><prodtype>CB</prodtype><prodamt>200</prodamt><proddesc>Veiculos - 14 Dias</proddesc></product><product><prodtype>CC</prodtype><prodamt>320</prodamt><proddesc>Veiculos - 30 Dias</proddesc></product><product><prodtype>CD</prodtype><prodamt>630</prodamt><proddesc>Veiculos - 60 Dias</proddesc></product><product><prodtype>AA</prodtype><prodamt>70</prodamt><proddesc>Motociclos - 7 Dias</proddesc></product><product><prodtype>AB</prodtype><prodamt>130</prodamt><proddesc>Motociclos - 14 Dias</proddesc></product><product><prodtype>AC</prodtype><prodamt>200</prodamt><proddesc>Motociclos - 30 Dias</proddesc></product><product><prodtype>AD</prodtype><prodamt>390</prodamt><proddesc>Motociclos - 60 Dias</proddesc></product><rsp>.00</rsp><vdesc>Hollard</vdesc><vtype>HOLLARD</vtype><vcode>HOL01</vcode></voucher><voucher><product><prodtype>C1</prodtype><prodamt>162.50</prodamt><proddesc>Funeral 25000mt</proddesc></product><product><prodtype>C2</prodtype><prodamt>325.00</prodamt><proddesc>Funeral 50000mt</proddesc></product><product><prodtype>C3</prodtype><prodamt>487.50</prodamt><proddesc>Funeral 75000mt</proddesc></product><product><prodtype>C4</prodtype><prodamt>650.00</prodamt><proddesc>Funeral 100000mt</proddesc></product><rsp>.00</rsp><vdesc>Hollard</vdesc><vtype>HOLLARD</vtype><vcode>HOL02</vcode></voucher><voucher><rsp>10.00</rsp><vdesc>Trevo Lotto</vdesc><vtype>LOTTO</vtype><vcode>LOTTO01</vcode></voucher><voucher><rsp>20.00</rsp><vdesc>VOCE GANHA</vdesc><vtype>LOTTO</vtype><vcode>LOTTO02</vcode></voucher><voucher><rsp>10.00</rsp><vdesc>Trevo Milhoes</vdesc><vtype>LOTTO</vtype><vcode>LOTTO03</vcode></voucher><voucher><rsp>.00</rsp><vdesc>Any MT</vdesc><vtype>MCEL</vtype><vcode>M0000</vcode></voucher><voucher><rsp>10.00</rsp><vdesc>10 MT</vdesc><vtype>MCEL</vtype><vcode>M0010</vcode></voucher><voucher><rsp>20.00</rsp><vdesc>20 MT</vdesc><vtype>MCEL</vtype><vcode>M0020</vcode></voucher><voucher><rsp>100.00</rsp><vdesc>100 MT</vdesc><vtype>MCEL</vtype><vcode>M0100</vcode></voucher><voucher><rsp>200.00</rsp><vdesc>200 MT</vdesc><vtype>MCEL</vtype><vcode>M0200</vcode></voucher><voucher><rsp>500.00</rsp><vdesc>500 MT</vdesc><vtype>MCEL</vtype><vcode>M0500</vcode></voucher><voucher><rsp>1000.00</rsp><vdesc>1000 MT</vdesc><vtype>MCEL</vtype><vcode>M1000</vcode></voucher><voucher><rsp>2000.00</rsp><vdesc>2000 MT</vdesc><vtype>MCEL</vtype><vcode>M2000</vcode></voucher><voucher><rsp>2999.00</rsp><vdesc>MCS Seguros</vdesc><vtype>MCS</vtype><vcode>MCS01</vcode></voucher><voucher><rsp>.00</rsp><vdesc>Any MT</vdesc><vtype>MOVITEL</vtype><vcode>O0000</vcode></voucher><voucher><rsp>10.00</rsp><vdesc>10 MT</vdesc><vtype>MOVITEL</vtype><vcode>O0010</vcode></voucher><voucher><rsp>20.00</rsp><vdesc>20 MT</vdesc><vtype>MOVITEL</vtype><vcode>O0020</vcode></voucher><voucher><rsp>100.00</rsp><vdesc>100 MT</vdesc><vtype>MOVITEL</vtype><vcode>O0100</vcode></voucher><voucher><rsp>200.00</rsp><vdesc>200 MT</vdesc><vtype>MOVITEL</vtype><vcode>O0200</vcode></voucher><voucher><rsp>500.00</rsp><vdesc>500 MT</vdesc><vtype>MOVITEL</vtype><vcode>O0500</vcode></voucher><voucher><rsp>30.00</rsp><vdesc>Lotaria</vdesc><vtype>SOJOGO</vtype><vcode>SJG01</vcode></voucher><voucher><rsp>20.00</rsp><vdesc>TotoLoto</vdesc><vtype>SOJOGO</vtype><vcode>SJG02</vcode></voucher><voucher><rsp>10.00</rsp><vdesc>Totobola</vdesc><vtype>SOJOGO</vtype><vcode>SJG03</vcode></voucher><voucher><rsp>180.00</rsp><vdesc>180 MT</vdesc><vtype>STARTIMES</vtype><vcode>S0150</vcode></voucher><voucher><rsp>400.00</rsp><vdesc>400 MT</vdesc><vtype>STARTIMES</vtype><vcode>S0300</vcode></voucher><voucher><rsp>500.00</rsp><vdesc>500 MT</vdesc><vtype>STARTIMES</vtype><vcode>S0400</vcode></voucher><voucher><rsp>660.00</rsp><vdesc>660 MT</vdesc><vtype>STARTIMES</vtype><vcode>S0600</vcode></voucher><voucher><rsp>880.00</rsp><vdesc>880 MT</vdesc><vtype>STARTIMES</vtype><vcode>S0800</vcode></voucher><voucher><rsp>.00</rsp><vdesc>Startimes</vdesc><vtype>STARTIMES</vtype><vcode>STAR01</vcode></voucher><voucher><rsp>10.00</rsp><vdesc>TEST Airtime</vdesc><vtype>TEST</vtype><vcode>T000</vcode></voucher><voucher><rsp>.00</rsp><vdesc>TVCabo</vdesc><vtype>TVCABO</vtype><vcode>TVC01</vcode></voucher><voucher><rsp>.00</rsp><vdesc>Any MT</vdesc><vtype>VODACOM</vtype><vcode>V0000</vcode></voucher><voucher><rsp>10.00</rsp><vdesc>10 MT</vdesc><vtype>VODACOM</vtype><vcode>V0010</vcode></voucher><voucher><rsp>20.00</rsp><vdesc>20 MT</vdesc><vtype>VODACOM</vtype><vcode>V0020</vcode></voucher><voucher><rsp>50.00</rsp><vdesc>50 MT</vdesc><vtype>VODACOM</vtype><vcode>V0050</vcode></voucher><voucher><rsp>100.00</rsp><vdesc>100 MT</vdesc><vtype>VODACOM</vtype><vcode>V0100</vcode></voucher><voucher><rsp>200.00</rsp><vdesc>200 MT</vdesc><vtype>VODACOM</vtype><vcode>V0200</vcode></voucher><voucher><rsp>500.00</rsp><vdesc>500 MT</vdesc><vtype>VODACOM</vtype><vcode>V0500</vcode></voucher><voucher><rsp>1000.00</rsp><vdesc>1000 MT</vdesc><vtype>VODACOM</vtype><vcode>V1000</vcode></voucher><voucher><rsp>2000.00</rsp><vdesc>2000 MT</vdesc><vtype>VODACOM</vtype><vcode>V2000</vcode></voucher><voucher><rsp>.00</rsp><vdesc>Prepaid ANY</vdesc><vtype>WATER</vtype><vcode>W000</vcode></voucher><voucher><rsp>.00</rsp><vdesc>ADEM Postpaid</vdesc><vtype>WATER</vtype><vcode>W001</vcode></voucher><voucher><rsp>.00</rsp><vdesc>ADEM Prepaid</vdesc><vtype>WATER</vtype><vcode>W002</vcode></voucher><voucher><rsp>.00</rsp><vdesc>FIPAG Factura</vdesc><vtype>WATER</vtype><vcode>W003</vcode></voucher><voucher><rsp>.00</rsp><vdesc>FIPAG Prepaid Triana</vdesc><vtype>WATER</vtype><vcode>W004</vcode></voucher><voucher><rsp>.00</rsp><vdesc>FIPAG Prepaid NetVnd</vdesc><vtype>WATER</vtype><vcode>W005</vcode></voucher><voucher><rsp>.00</rsp><vdesc>FIPAG Prepaid Mzapi</vdesc><vtype>WATER</vtype><vcode>W006</vcode></voucher><voucher><product><prodtype>1</prodtype><prodamt>715</prodamt><proddesc>3 Filmes</proddesc></product><product><prodtype>13</prodtype><prodamt>2860</prodamt><proddesc>Premium</proddesc></product><product><prodtype>17</prodtype><prodamt>385</prodamt><proddesc>Mini (2 semanas)</proddesc></product><product><prodtype>18</prodtype><prodamt>770</prodamt><proddesc>Max (2 semanas)</proddesc></product><product><prodtype>19</prodtype><prodamt>1540</prodamt><proddesc>Premium (2 semanas)</proddesc></product><product><prodtype>2</prodtype><prodamt>1430</prodamt><proddesc>6 Filmes</proddesc></product><product><prodtype>3</prodtype><prodamt>2860</prodamt><proddesc>12 Filmes</proddesc></product><product><prodtype>4</prodtype><prodamt>5720</prodamt><proddesc>24 Filmes</proddesc></product><product><prodtype>5</prodtype><prodamt>715</prodamt><proddesc>Mini</proddesc></product><product><prodtype>9</prodtype><prodamt>1430</prodamt><proddesc>Max</proddesc></product><rsp>.00</rsp><vdesc>ZAP</vdesc><vtype>ZAP</vtype><vcode>ZAP01</vcode></voucher></voucherdetails></iceevdresp>