<iceevdresp version="1.0" agent=""><date>2019/05/17</date><time>11:00:33</time><result><code>0000</code><desc>OK</desc><refno>1558083631191</refno></result><evddetails><trandetails><date>2019/05/17</date><time>11:00:32</time><cost>10.0</cost><amt>10.00</amt><vat>1.23</vat><no>23481</no><status>Credited</status></trandetails><voucherdetails><voucherno>1558083632895001</voucherno><pinno>MOVITEL</pinno><recharge>MSISDN will be updated shortly</recharge><help></help><pindesc></pindesc><otherpindesc1></otherpindesc1><otherpinno1></otherpinno1></voucherdetails><message></message><balance>-132422.21</balance></evddetails></iceevdresp>