<iceevdresp version="1.0" agent=""><date>2019/05/17</date><time>11:04:59</time><result><code>0000</code><desc>OK</desc><refno>1558083897470</refno></result><evddetails><trandetails><date>2019/05/17</date><time>11:04:59</time><cost>100.0</cost><amt>100.00</amt><vat>12.28</vat><no>23487</no><status>OK</status></trandetails><voucherdetails><voucherno>00000000011</voucherno><pinno>585238067</pinno><recharge>*100*01*codigo da recarga#</recharge><help>84111</help><pindesc>PINCODE</pindesc><otherpindesc1></otherpindesc1><otherpinno1></otherpinno1></voucherdetails><message></message><balance>-132532.21</balance></evddetails></iceevdresp>