<?xml version='1.0' encoding='UTF-8'?>
<iceevdreq version="1.0" agent="ssl">
	<date>2019/05/17</date>
	<time>11:04:57</time>
	<request>
		<user>testunit</user>
		<type>1</type>
		<refno>1558083897470</refno>
	</request>
	<evddetails>
		<serialno>01419845213</serialno>
		<password>FB94DE443F</password>
		<deviceno>00000001</deviceno>
		<format maxlen="32">2</format>
		<userid>vendor01</userid>
		<pincode>0000</pincode>
		<voucherdetails>
			<vtype>VODACOM</vtype>
			<vcode>V0100</vcode>
		</voucherdetails>
	</evddetails>
</iceevdreq>