<?xml version='1.0' encoding='UTF-8'?><iceevdreq version="1.0" agent="ssl"><date>2019/08/29</date><time>13:12:16</time><request><user>testunit</user><type>29</type><refno>1567077136217</refno></request><evddetails><serialno>01419845213</serialno><password>FB94DE443F</password><deviceno>00000001</deviceno><format maxlen="32">2</format><userid>vendor01</userid><pincode>4610</pincode><voucherdetails><vtype>ELECT</vtype><vcode>E001</vcode><meterno type="number">85554569770</meterno><amount>10</amount></voucherdetails></evddetails></iceevdreq>