<iceevdresp version="1.0" agent=""><date>2019/05/17</date><time>12:08:53</time><result><code>0000</code><desc>OK</desc><refno>1558087731188</refno></result><evddetails><trandetails><date>2019/05/17</date><time>12:08:52</time><amt>10.00</amt><vat></vat><no>23490</no><status>OK</status></trandetails><voucherdetails><meterno>85554569770</meterno><sgc>600028</sgc><ti>-</ti><krn>-</krn><tt>-</tt><alg>-</alg><amounts><desc>IVA</desc><amt>9.53</amt></amounts><amounts><desc>Total da Divida</desc><amt>.00</amt></amounts><amounts><desc>Taxa de Lixo</desc><amt>.00</amt></amounts><amounts><desc>Taxa de Radio</desc><amt>.00</amt></amounts><units>14.4</units><elecamt>90.47</elecamt><vatno>600000063</vatno><tokens><token>1983 1661 9627 7192 1742</token><info>Codigo de Recarga</info></tokens><message>-</message><name>JOSE ANDRE NGOVENE</name><receiver></receiver><receiptno>MPDB17350792</receiptno><receiptdesc></receiptdesc></voucherdetails><message></message><balance>-132532.21</balance></evddetails></iceevdresp>