<?xml version='1.0' encoding='UTF-8'?><iceevdreq version="1.0" agent="ssl"><date>2020/01/28</date><time>08:33:28</time><request><user>testunit</user><type>29</type><refno>1588055608152</refno></request><evddetails><serialno>01419845213</serialno><password>FB94DE443F</password><deviceno>00000001</deviceno><format maxlen="32">2</format><userid>vendor01</userid><pincode>0000</pincode><voucherdetails><vtype>WATER</vtype><vcode>W002</vcode><meterno type="number">26250000243</meterno><amount>10</amount></voucherdetails></evddetails></iceevdreq>