<?xml version='1.0' encoding='UTF-8'?><iceevdreq version="1.0" agent="ssl"><date>2019/08/29</date><time>09:49:24</time><request><user>testunit</user><type>29</type><refno>1567064964543</refno></request><evddetails><serialno>01419845213</serialno><password>FB94DE443F</password><deviceno>00000001</deviceno><userid>vendor01</userid><pincode>4610</pincode><voucherdetails><vtype>WATER</vtype><vcode>W001</vcode><entityno>66520</entityno><clientno>66520</clientno></voucherdetails></evddetails></iceevdreq>