<iceevdresp version="1.0" agent=""><date>2019/08/29</date><time>09:49:26</time><result><code>0000</code><desc>OK</desc></result><lookupdetails><entityno>66520</entityno><clientno>66520</clientno><clientname>CUSTODIO E  IRMAOS, LDA</clientname><documents><docno>95244</docno><docid>1-</docid><docdate>2016-01-13</docdate><docamt>481.15</docamt><docyear>2016</docyear></documents><documents><docno>89414</docno><docid>1-</docid><docdate>2014-01-15</docdate><docamt>12.87</docamt><docyear>2014</docyear></documents><documents><docno>2141416</docno><docid>1-</docid><docdate>2013-12-11</docdate><docamt>10.44</docamt><docyear>2013</docyear></documents><documents><docno>1938952</docno><docid>1-</docid><docdate>2013-11-13</docdate><docamt>64.35</docamt><docyear>2013</docyear></documents><documents><docno>1740975</docno><docid>1-</docid><docdate>2013-10-11</docdate><docamt>52.22</docamt><docyear>2013</docyear></documents><documents><docno>1543791</docno><docid>1-</docid><docdate>2013-09-11</docdate><docamt>321.75</docamt><docyear>2013</docyear></documents><documents><docno>1352418</docno><docid>1-</docid><docdate>2013-08-12</docdate><docamt>261.12</docamt><docyear>2013</docyear></documents><documents><docno>620475</docno><docid>1-</docid><docdate>2013-04-11</docdate><docamt>1091.58</docamt><docyear>2013</docyear></documents><documents><docno>436719</docno><docid>1-</docid><docdate>2013-03-12</docdate><docamt>517.13</docamt><docyear>2013</docyear></documents><documents><docno>250147</docno><docid>1-</docid><docdate>2013-02-13</docdate><docamt>848.35</docamt><docyear>2013</docyear></documents><documents><docno>75502</docno><docid>1-</docid><docdate>2013-01-11</docdate><docamt>457.26</docamt><docyear>2013</docyear></documents><documents><docno>1711673</docno><docid>1-</docid><docdate>2012-12-12</docdate><docamt>603.66</docamt><docyear>2012</docyear></documents><documents><docno>1544587</docno><docid>1-</docid><docdate>2012-11-12</docdate><docamt>1170.06</docamt><docyear>2012</docyear></documents><documents><docno>1378448</docno><docid>1-</docid><docdate>2012-10-11</docdate><docamt>1235.69</docamt><docyear>2012</docyear></documents><documents><docno>922554</docno><docid>1-</docid><docdate>2012-07-11</docdate><docamt>227.27</docamt><docyear>2012</docyear></documents><documents><docno>771831</docno><docid>1-</docid><docdate>2012-06-12</docdate><docamt>1624.16</docamt><docyear>2012</docyear></documents><documents><docno>625940</docno><docid>1-</docid><docdate>2012-05-11</docdate><docamt>4400.52</docamt><docyear>2012</docyear></documents><documents><docno>485122</docno><docid>1-</docid><docdate>2012-04-11</docdate><docamt>1310.39</docamt><docyear>2012</docyear></documents><documents><docno>343859</docno><docid>1-</docid><docdate>2012-03-12</docdate><docamt>1477.93</docamt><docyear>2012</docyear></documents><documents><docno>200167</docno><docid>1-</docid><docdate>2012-02-13</docdate><docamt>1449.81</docamt><docyear>2012</docyear></documents><documents><docno>61446</docno><docid>1-</docid><docdate>2012-01-12</docdate><docamt>2358.41</docamt><docyear>2012</docyear></documents><documents><docno>1313358</docno><docid>1-</docid><docdate>2011-12-12</docdate><docamt>2903.26</docamt><docyear>2011</docyear></documents><documents><docno>1225767</docno><docid>1-</docid><docdate>2011-11-21</docdate><docamt>4147.51</docamt><docyear>2011</docyear></documents><documents><docno>1092882</docno><docid>1-</docid><docdate>2011-10-24</docdate><docamt>4700.51</docamt><docyear>2011</docyear></documents><documents><docno>965652</docno><docid>1-</docid><docdate>2011-09-21</docdate><docamt>1338.51</docamt><docyear>2011</docyear></documents><documents><docno>841184</docno><docid>1-</docid><docdate>2011-08-18</docdate><docamt>1394.15</docamt><docyear>2011</docyear></documents><documents><docno>714601</docno><docid>1-</docid><docdate>2011-07-20</docdate><docamt>1449.81</docamt><docyear>2011</docyear></documents><documents><docno>607444</docno><docid>1-</docid><docdate>2011-06-20</docdate><docamt>836.49</docamt><docyear>2011</docyear></documents><documents><docno>105351</docno><docid>1-</docid><docdate>2009-01-31</docdate><docamt>63.45</docamt><docyear>2009</docyear></documents><documents><docno>1174030</docno><docid>1-</docid><docdate>2008-12-31</docdate><docamt>219.94</docamt><docyear>2008</docyear></documents><documents><docno>1174017</docno><docid>1-</docid><docdate>2008-12-31</docdate><docamt>211.50</docamt><docyear>2008</docyear></documents><documents><docno>1151164</docno><docid>1-</docid><docdate>2008-12-18</docdate><docamt>317.26</docamt><docyear>2008</docyear></documents><documents><docno>1054418</docno><docid>1-</docid><docdate>2008-11-24</docdate><docamt>1099.71</docamt><docyear>2008</docyear></documents><documents><docno>931797</docno><docid>1-</docid><docdate>2008-10-31</docdate><docamt>432.89</docamt><docyear>2008</docyear></documents><documents><docno>908988</docno><docid>1-</docid><docdate>2008-10-23</docdate><docamt>1057.50</docamt><docyear>2008</docyear></documents><documents><docno>795026</docno><docid>1-</docid><docdate>2008-09-19</docdate><docamt>2164.47</docamt><docyear>2008</docyear></documents><documents><docno>709960</docno><docid>1-</docid><docdate>2008-08-21</docdate><docamt>13.76</docamt><docyear>2008</docyear></documents><documents><docno>607975</docno><docid>1-</docid><docdate>2008-07-18</docdate><docamt>68.80</docamt><docyear>2008</docyear></documents><documents><docno>154517</docno><docid>1-</docid><docdate>2007-02-03</docdate><docamt>388.57</docamt><docyear>2007</docyear></documents><documents><docno>112301</docno><docid>1-</docid><docdate>2007-02-02</docdate><docamt>469.66</docamt><docyear>2007</docyear></documents><documents><docno>111088</docno><docid>1-</docid><docdate>2007-02-02</docdate><docamt>188.62</docamt><docyear>2007</docyear></documents><documents><docno>111086</docno><docid>1-</docid><docdate>2007-02-02</docdate><docamt>199.95</docamt><docyear>2007</docyear></documents><documents><docno>110980</docno><docid>1-</docid><docdate>2007-02-02</docdate><docamt>403.39</docamt><docyear>2007</docyear></documents><documents><docno>110899</docno><docid>1-</docid><docdate>2007-02-02</docdate><docamt>391.84</docamt><docyear>2007</docyear></documents><documents><docno>87448</docno><docid>1-</docid><docdate>2006-01-30</docdate><docamt>110.75</docamt><docyear>2006</docyear></documents><documents><docno>51938</docno><docid>1-</docid><docdate>2006-01-18</docdate><docamt>209.61</docamt><docyear>2006</docyear></documents><documents><docno>51936</docno><docid>1-</docid><docdate>2006-01-18</docdate><docamt>454.77</docamt><docyear>2006</docyear></documents><documents><docno>51817</docno><docid>1-</docid><docdate>2006-01-18</docdate><docamt>189.84</docamt><docyear>2006</docyear></documents><documents><docno>51816</docno><docid>1-</docid><docdate>2006-01-18</docdate><docamt>229.38</docamt><docyear>2006</docyear></documents></lookupdetails></iceevdresp>