<iceevdresp version="1.0" agent=""><date>2019/08/29</date><time>08:45:53</time><result><code>0000</code><desc>OK</desc><refno>1567061152791</refno></result><evddetails><trandetails><date>2019/08/29</date><time>08:45:53</time><amt>133.50</amt><vat></vat><no>26436</no><status>OK</status></trandetails><voucherdetails><ref1>50133</ref1><ref2>02232311953</ref2><amt>133.50</amt><desc>INHAMBANE</desc><taxno>600000381</taxno><refno>-</refno><help>+258 888 1234</help><pos>este</pos></voucherdetails></evddetails></iceevdresp>