<iceevdresp version="1.0" agent=""><date>2019/08/29</date><time>08:41:36</time><result><code>0000</code><desc>OK</desc><refno>1567060896114</refno></result><evddetails><trandetails><date>2019/08/29</date><time>08:41:36</time><amt>10.00</amt><vat></vat><no>26433</no><status>OK</status></trandetails><voucherdetails><meterno>26250000243</meterno><sgc>-</sgc><ti>-</ti><krn>-</krn><tt>-</tt><alg>-</alg><amounts><desc>IVA</desc><amt>11.31</amt></amounts><units>2.2</units><wateramt>88.69</wateramt><vatno>400073902</vatno><tokens><token>4209 8003 2543 7869 9401</token><info>Domestico(2.2)</info></tokens><message>-</message><name>Teste Laoh Gemoc</name><receiver>Maxaquene</receiver><receiptno>B000006204</receiptno><receiptdesc></receiptdesc></voucherdetails><message></message><balance>-393659.26</balance></evddetails></iceevdresp>