<?xml version='1.0' encoding='UTF-8'?><iceevdreq version="1.0" agent="ssl"><date>2019/08/29</date><time>08:41:36</time><request><user>testunit</user><type>1</type><refno>1567060896114</refno></request><evddetails><serialno>01419845213</serialno><password>FB94DE443F</password><deviceno>00000001</deviceno><format maxlen="32">2</format><userid>vendor01</userid><pincode>4610</pincode><voucherdetails><vtype>WATER</vtype><vcode>W002</vcode><amount>10.00</amount><meterno type="number">26250000243</meterno></voucherdetails></evddetails></iceevdreq>