<?xml version='1.0' encoding='UTF-8'?><iceevdreq version="1.0" agent="ssl"><date>2019/08/29</date><time>08:45:52</time><request><user>testunit</user><type>1</type><refno>1567061152791</refno></request><evddetails><serialno>01419845213</serialno><password>FB94DE443F</password><deviceno>00000001</deviceno><format maxlen="32">2</format><userid>vendor01</userid><pincode>4610</pincode><voucherdetails><vtype>WATER</vtype><vcode>W003</vcode><prodtype>50133</prodtype><prodref>02232311953</prodref><amount>133.50</amount></voucherdetails></evddetails></iceevdreq>