<iceevdresp version="1.0" agent=""><date>2019/08/29</date><time>10:25:16</time><result><code>0000</code><desc>OK</desc><refno>1567067116008</refno></result><evddetails><trandetails><date>2019/08/29</date><time>10:25:16</time><amt>122.82</amt><vat></vat><no>26449</no><status>OK</status></trandetails><voucherdetails><clientno>66520</clientno><clientname>-</clientname><entityno>66520</entityno><docyear>2015</docyear><docno>2445976</docno><docamt>122.82</docamt></voucherdetails></evddetails></iceevdresp>