<?xml version='1.0' encoding='UTF-8'?><iceevdreq version="1.0" agent="ssl"><date>2019/08/29</date><time>10:25:16</time><request><user>testunit</user><type>1</type><refno>1567067116008</refno></request><evddetails><serialno>01419845213</serialno><password>FB94DE443F</password><deviceno>00000001</deviceno><format maxlen="32">2</format><userid>vendor01</userid><pincode>4610</pincode><voucherdetails><vtype>WATER</vtype><vcode>W001</vcode><entityno>66520</entityno><clientno>66520</clientno><docid>1-</docid><docyear>2015</docyear><docno>2445976</docno><docamt>122.82</docamt></voucherdetails></evddetails></iceevdreq>