<iceevdresp version="1.0" agent=""><date>2020/01/28</date><time>13:25:46</time><result><code>0000</code><desc>OK</desc><refno>1588073142453</refno></result><evddetails><trandetails><date>2020/04/28</date><time>13:25:46</time><amt>.00</amt><vat></vat><no>39801</no><status>OK</status><cost>0.0</cost></trandetails><voucherdetails><policyno>000010</policyno><policydesc>Funeral 25000mt</policydesc><insuredamt>25,000.00</insuredamt><policyperiod>2020/04/28 - 2021/04/28</policyperiod></voucherdetails><balance>-1370651.77</balance></evddetails></iceevdresp>