<?xml version='1.0' encoding='UTF-8'?><iceevdreq version="1.0" agent="ssl"><date>2019/05/17</date><time>11:27:46</time><request><user>testunit</user><type>1</type><refno>1558081290530</refno></request><evddetails><serialno>01419845213</serialno><password>FB94DE443F</password><deviceno>00000001</deviceno><format maxlen="32">2</format><userid>vendor01</userid><pincode>4610</pincode><voucherdetails><vtype>MCS</vtype><vcode>MCS01</vcode><driverid>7808085005089</driverid><drivername>Guy Berry</drivername><drivercellno>834008148</drivercellno><driveremail>guy.berry@gmail.com</driveremail><licenceno>12345678</licenceno><vehicleregno>AB1250MP</vehicleregno><vehiclemake>Honda</vehiclemake><vehiclemodel>FRV</vehiclemodel><vehicleengineno>BFD304324ef</vehicleengineno><vehiclevinno>1234354336</vehiclevinno><discno>00002</discno></voucherdetails></evddetails></iceevdreq>