<?xml version='1.0' encoding='UTF-8'?><iceevdreq version="1.0" agent="ssl"><date>2020/04/28</date><time>12:25:22</time><request><user>testunit</user><type>1</type><refno>1588069522875</refno></request><evddetails><serialno>01419845213</serialno><password>FB94DE443F</password><deviceno>00000001</deviceno><format maxlen="32">2</format><userid>vendor01</userid><pincode>0000</pincode><voucherdetails><vtype>HOLLARD</vtype><vcode>HOL01</vcode><msisdn>841234567</msisdn><drivername>Joe</drivername><driversurname>Soap</driversurname><vehiclereg>AB1245MP</vehiclereg><vehiclemake>HONDA</vehiclemake><vehicleengineno>12345678</vehicleengineno><vehiclecheck>1</vehiclecheck><covertype>CA</covertype></voucherdetails></evddetails></iceevdreq>