<iceevdresp version="1.0" agent=""><date>2020/03/09</date><time>21:20:50</time><result><code>0000</code><desc>OK</desc><refno>1583781647406</refno></result><evddetails><trandetails><date>2020/03/09</date><time>21:20:50</time><amt>2999.00</amt><vat></vat><no>37133</no><status>OK</status></trandetails><voucherdetails><policyno>0002011</policyno><drivername>Guy Berry</drivername><vehicleregno>AB1250MP</vehicleregno><vehicleengineno>BFD304324ef</vehicleengineno><vehiclevinno>1234354336</vehiclevinno><vehiclemake>Honda</vehiclemake><vehiclemodel>FRV</vehiclemodel><driveridno>7808085005089</driveridno><driverlicno>-</driverlicno><drivercellno>834008148</drivercellno><insuredamt>3,000,000.00</insuredamt><policyperiod>2020/03/09 - 2021/03/09</policyperiod><discno>00002</discno></voucherdetails></evddetails></iceevdresp>