<?xml version='1.0' encoding='UTF-8'?><iceevdreq version="1.0" agent="ssl"><date>2020/01/28</date><time>13:25:42</time><request><user>testunit</user><type>1</type><refno>1588073142453</refno></request><evddetails><serialno>01419845213</serialno><password>FB94DE443F</password><deviceno>00000001</deviceno><format maxlen="32">2</format><userid>vendor01</userid><pincode>0000</pincode><voucherdetails><vtype>HOLLARD</vtype><vcode>HOL02</vcode><prodtype>C1</prodtype><custidno>7808085005089</custidno><custname>Joe</custname><custsurname>Soap</custsurname><custcellno>841234567</custcellno><custdob>780808</custdob><benefname>Mary</benefname><benefsurname>Soap</benefsurname><benefcellno>845556666</benefcellno><benefrelation>wife</benefrelation></voucherdetails></evddetails></iceevdreq>