<iceevdresp version="1.0" agent=""><date>2020/01/28</date><time>09:16:38</time><result><code>0000</code><desc>OK</desc></result><lookupdetails><accdesc>Active</accdesc><custno>55320677</custno><accstatus>1</accstatus><acctotalbal>0.0</acctotalbal><smartcardno>1009989590</smartcardno><accdueamt>8185.0</accdueamt><custcellno>258820456782</custcellno><custname>TEST 4</custname><accduedate>2017-06-15</accduedate><products><desc>DStv High Definition Access E - 490.00 MT</desc></products><products><desc>DStv High Definition Access E - .00 MT</desc></products><products><desc>DStv Premium E - 3730.00 MT</desc></products></lookupdetails></iceevdresp>