<iceevdreq version="1.0" agent="ssl">
	<date>2020/01/28</date>
	<time>08:01:38</time>
	<request>
		<user>testunit</user>
		<type>29</type>
		<refno>1580191298664</refno>
	</request>
	<evddetails>
		<serialno>01419845213</serialno>
		<password>FB94DE443F</password>
		<deviceno>00000001</deviceno>
		<userid>vendor01</userid>
		<pincode>0000</pincode>
		<voucherdetails>
			<vtype>DSTV</vtype>
			<vcode>DSTV01</vcode>
			<smartcardno>46105280</smartcardno>
		</voucherdetails>
	</evddetails>
</iceevdreq>