<iceevdresp version="1.0" agent=""><date>2019/05/17</date><time>11:28:29</time><result><code>0000</code><desc>OK</desc><refno>1558081290530</refno></result><evddetails><trandetails><date>2019/05/17</date><time>10:21:32</time><amt>380.00</amt><vat></vat><no>23451</no><status>OK</status></trandetails><voucherdetails><custno>46067594</custno><custname>FRANK FRANK</custname><smartcardno>123456</smartcardno><receiptno>5946059</receiptno><paydesc>DSTV Payment</paydesc></voucherdetails></evddetails></iceevdresp>