<?xml version='1.0' encoding='UTF-8'?><iceevdreq version="1.0" agent="ssl"><date>2019/05/17</date><time>11:28:27</time><request><user>testunit</user><type>1</type><refno>1558081290530</refno></request><evddetails><serialno>01419845213</serialno><password>FB94DE443F</password><deviceno>00000001</deviceno><format maxlen="32">2</format><userid>vendor01</userid><pincode>4610</pincode><voucherdetails><vtype>GOTV</vtype><vcode>GOTV01</vcode><smartcardno>123456</smartcardno><prodtype>GOTV</prodtype><amount>140</amount></voucherdetails></evddetails></iceevdreq>