<iceevdresp version="1.0" agent=""><date>2019/05/17</date><time>11:26:53</time><result><code>0000</code><desc>OK</desc><refno>1558083274974</refno></result><evddetails><trandetails><date>2019/05/17</date><time>10:54:36</time><amt>385.00</amt><vat></vat><no>23476</no><status>OK</status></trandetails><voucherdetails><zappi>123456</zappi><receiptno>352187</receiptno><receiptstatus>Carregamento efetuado com sucesso!</receiptstatus><recharge>-</recharge><amtexcl>385.00</amtexcl><message></message></voucherdetails></evddetails></iceevdresp>