<?xml version='1.0' encoding='UTF-8'?><iceevdreq version="1.0" agent="ssl"><date>2020/04/28</date><time>10:54:35</time><request><user>testunit</user><type>1</type><refno>1588064075824</refno></request><evddetails><serialno>01419845213</serialno><password>FB94DE443F</password><deviceno>00000001</deviceno><format maxlen="32">2</format><userid>vendor01</userid><pincode>0000</pincode><voucherdetails><vtype>TVCABO</vtype><vcode>TVC01</vcode><contractno>01004255065</contractno><payamt>100</payamt></voucherdetails></evddetails></iceevdreq>