<?xml version='1.0' encoding='UTF-8'?><iceevdreq version="1.0" agent="ssl"><date>2020/01/28</date><time>11:39:45</time><request><user>testunit</user><type>1</type><refno>1588066785855</refno></request><evddetails><serialno>01419845213</serialno><password>FB94DE443F</password><deviceno>00000001</deviceno><format maxlen="32">2</format><userid>vendor01</userid><pincode>0000</pincode><voucherdetails><vtype>GAS</vtype><vcode>G001</vcode><meterno type="number">0120027005533</meterno><amount>10</amount></voucherdetails></evddetails></iceevdreq>