<iceevdresp version="1.0" agent=""><date>2020/01/28</date><time>11:39:54</time><result><code>0000</code><desc>OK</desc><refno>1588066785855</refno></result><evddetails><trandetails><date>2020/04/28</date><time>11:39:49</time><amt>10.00</amt><vat></vat><no>39715</no><status>OK</status><cost>10.0</cost></trandetails><voucherdetails><meterno>0120027005533</meterno><sgc>-</sgc><ti>-</ti><krn>-</krn><gasamt>8.30</gasamt><units>0.16</units><amounts><desc>Taxa Add.</desc><amt>1.70</amt></amounts><vatno>-</vatno><tokens><token>0395 3690 5224 6125 9548</token><info>Token</info></tokens><message>-</message><name>JosA Vasco Machungo</name><receiver></receiver><tt>-</tt><alg>-</alg><receiptno>0001588066789404</receiptno><receiptdesc></receiptdesc></voucherdetails><balance>-1351117.77</balance></evddetails></iceevdresp>